{
    "nylon": {
        "peak_centers": [
            270.5,
            321,
            330,
            368,
            428,
            466,
            491,
            518,
            546,
            556,
            565,
            578,
            682
        ],
        "peak_fwhms": [
            10,
            8,
            8,
            7,
            8,
            10,
            6,
            8,
            7,
            10,
            7,
            10,
            10
        ],
        "peak_heights": [
            0.447,
            0.219,
            0.333,
            0.877,
            0.263,
            0.667,
            0.079,
            0.158,
            0.351,
            1,
            0.351,
            0.263,
            0.842
        ],
        "fluo_coefs": [
            1.31190695,
            -0.000694529187,
            -0.0000132062306,
            6.43282791e-8,
            -1.22955504e-10,
            1.05551347e-13,
            -3.38125313e-17
        ]
    },
    "pdms": {
        "peak_centers": [
            37,
            97,
            97,
            134,
            143.2,
            184,
            221,
            337,
            444,
            535
        ],
        "peak_fwhms": [
            12,
            7,
            18,
            10,
            7,
            8,
            15,
            15,
            12,
            14
        ],
        "peak_heights": [
            1,
            0.2,
            0.15,
            0.32,
            0.68,
            0.125,
            0.075,
            0.026,
            0.1,
            0.28
        ],
        "fluo_coefs": [
            0.9371766,
            0.00343323718,
            -0.0000546259705,
            2.16027582e-7,
            -3.75317301e-10,
            3.01643731e-13,
            -9.16997571e-17
        ]
    },
    "tylenol": {
        "peak_centers": [
            26,
            43,
            92,
            103,
            114.5,
            144,
            188,
            207,
            219.5,
            278.5,
            305,
            353.5,
            389.5,
            429.5,
            441.5,
            454,
            482,
            511,
            556,
            600,
            632.5,
            666,
            672,
            691.5,
            698
        ],
        "peak_fwhms": [
            8,
            6,
            5,
            5,
            5,
            5,
            6,
            4,
            6,
            5,
            10,
            6,
            5,
            6,
            5,
            6,
            8,
            9,
            15,
            11,
            10,
            10,
            5,
            8,
            5
        ],
        "peak_heights": [
            0.15,
            0.13,
            0.08,
            0.14,
            0.4,
            0.15,
            0.54,
            0.15,
            0.98,
            0.167,
            0.07,
            0.13,
            0.58,
            0.81,
            0.2,
            0.38,
            1,
            0.49,
            0.095,
            0.1,
            0.4,
            0.92,
            0.33,
            0.8,
            0.2
        ],
        "fluo_coefs": [
            0.981125968,
            0.00125321579,
            -0.0000233552874,
            8.63782206e-8,
            -1.40206246e-10,
            1.05767874e-13,
            -3.03380712e-17
        ]
    }
}